{"cameraMode":{"drawMode":0,"name":"Shaded","section":"Shading Mode"},"sceneLighting":true,"audioPlay":false,"sceneViewState":{"showFog":false,"showMaterialUpdate":false,"showSkybox":false,"showFlares":false,"showImageEffects":false,"showParticleSystems":false},"in2DMode":false,"pivot":{"x":0.0,"y":8.789999961853028,"z":0.440000057220459},"rotation":{"x":0.011994748376309872,"y":0.028494035825133325,"z":-0.00034188610152341425,"w":0.9995214939117432},"size":12.12435531616211,"orthographic":false}