{"cameraMode":{"drawMode":0,"name":"Shaded","section":"Shading Mode"},"sceneLighting":true,"audioPlay":false,"sceneViewState":{"showFog":false,"showMaterialUpdate":false,"showSkybox":false,"showFlares":false,"showImageEffects":false,"showParticleSystems":false},"in2DMode":false,"pivot":{"x":14.562570571899414,"y":-67.73609924316406,"z":202.73126220703126},"rotation":{"x":0.15234214067459107,"y":0.02816355600953102,"z":-0.004343098029494286,"w":0.9879164695739746},"size":125.16626739501953,"orthographic":false}